{"cameraMode":{"drawMode":0,"name":"Shaded","section":"Shading Mode"},"sceneLighting":true,"audioPlay":false,"sceneViewState":{"m_AlwaysRefresh":false,"showFog":true,"showSkybox":true,"showFlares":true,"showImageEffects":true,"showParticleSystems":true,"showVisualEffectGraphs":true,"m_FxEnabled":true},"in2DMode":false,"pivot":{"x":118.63383483886719,"y":42.211578369140628,"z":33.89341354370117},"rotation":{"x":0.13523389399051667,"y":-0.2122613489627838,"z":0.029674820601940156,"w":0.9673610925674439},"size":27.712350845336915,"orthographic":true}