{"cameraMode":{"drawMode":0,"name":"Shaded","section":"Shading Mode"},"sceneLighting":true,"audioPlay":false,"sceneViewState":{"m_AlwaysRefresh":false,"showFog":true,"showSkybox":true,"showFlares":true,"showImageEffects":true,"showParticleSystems":true,"showVisualEffectGraphs":true,"m_FxEnabled":true},"in2DMode":false,"pivot":{"x":118.63383483886719,"y":42.211578369140628,"z":33.89341354370117},"rotation":{"x":0.31315872073173525,"y":-0.045562438666820529,"z":0.015043169260025025,"w":0.9484890699386597},"size":78.78164672851563,"orthographic":true}